id,first_name,last_name,age,address
1635901,Emmye,Peron,28,891 Superior Trail
1048303,Tiena,Drewson,19,3 Nova Way
1925791,Kendrick,Marklin,31,5 Merry Junction
1157065,Stephine,Valens-Smith,33,1 Shelley Crossing
1647922,Dasha,Hatliff,35,31382 Westend Circle
1319299,Alwin,Overy,25,30968 American Ash Lane
1058794,Celestina,Cloy,26,5 Mallory Terrace
1696898,Ag,Balchin,36,550 Mccormick Pass
1301711,Pooh,McAlinden,20,50463 Stoughton Plaza
1719027,Lorin,Tripean,27,95 Stone Corner Drive
1522321,Collen,Eckly,35,15759 Larry Trail
1099775,Perkin,Greensmith,24,648 Main Trail
1331452,Benn,Dedden,29,0741 Westend Place
1429991,Dacia,Pilkington,45,0 Riverside Pass
1233136,Godwin,Faucett,32,21652 Transport Center
1138828,Kennie,Charte,41,21 Elmside Lane
1331119,Julie,Pairpoint,20,75 Killdeer Place
1961718,Rene,Rosnau,34,7956 Crescent Oaks Hill
1576579,Jeralee,Robe,37,047 Sunbrook Street
1181141,Mandel,Harsent,44,7575 Clyde Gallagher Circle
1497720,Ruthe,Vignal,41,9 Rutledge Road
1162148,Blondelle,Arnholdt,22,909 Elgar Road
1687342,Bernhard,Blown,30,887 Westridge Drive
1082887,Alyson,Fernie,28,95324 Sunbrook Alley
1018076,Ruby,Hendriks,44,26961 Fisk Point
1907513,Rafe,Redgrave,34,9 Towne Center
1041943,Zita,Engelmann,37,1 Scott Alley
1839610,Mohandis,Hurne,39,1399 Hallows Alley
1475868,Nelle,Handley,28,672 Nobel Drive
1590367,Isabel,Orsman,48,72035 Bay Crossing
